{
  "images": [
    {
      "orientation": "portrait",
      "idiom": "iphone",
      "extent": "full-screen",
      "minimum-system-version": "12.0",
      "subtype": "2688h",
      "scale": "3x"
    },
    {
      "orientation": "landscape",
      "idiom": "iphone",
      "extent": "full-screen",
      "minimum-system-version": "12.0",
      "subtype": "2688h",
      "scale": "3x"
    },
    {
      "orientation": "portrait",
      "idiom": "iphone",
      "extent": "full-screen",
      "minimum-system-version": "12.0",
      "subtype": "1792h",
      "scale": "2x"
    },
    {
      "orientation": "landscape",
      "idiom": "iphone",
      "extent": "full-screen",
      "minimum-system-version": "12.0",
      "subtype": "1792h",
      "scale": "2x"
    },
    {
      "extent": "full-screen",
      "idiom": "iphone",
      "subtype": "2436h",
      "filename": "Splash@iphonex.png",
      "minimum-system-version": "11.0",
      "orientation": "portrait",
      "scale": "3x"
    },
    {
      "orientation": "landscape",
      "idiom": "iphone",
      "extent": "full-screen",
      "minimum-system-version": "11.0",
      "subtype": "2436h",
      "scale": "3x"
    },
    {
      "extent": "full-screen",
      "idiom": "iphone",
      "subtype": "736h",
      "filename": "Splash@3x.png",
      "minimum-system-version": "8.0",
      "orientation": "portrait",
      "scale": "3x"
    },
    {
      "orientation": "landscape",
      "idiom": "iphone",
      "extent": "full-screen",
      "minimum-system-version": "8.0",
      "subtype": "736h",
      "scale": "3x"
    },
    {
      "extent": "full-screen",
      "idiom": "iphone",
      "subtype": "667h",
      "filename": "Splash@750x1334.png",
      "minimum-system-version": "8.0",
      "orientation": "portrait",
      "scale": "2x"
    },
    {
      "orientation": "portrait",
      "idiom": "iphone",
      "filename": "Splash@640x960.png",
      "extent": "full-screen",
      "minimum-system-version": "7.0",
      "scale": "2x"
    },
    {
      "extent": "full-screen",
      "idiom": "iphone",
      "subtype": "retina4",
      "filename": "Splash@2x.png",
      "minimum-system-version": "7.0",
      "orientation": "portrait",
      "scale": "2x"
    },
    {
      "orientation": "portrait",
      "idiom": "ipad",
      "extent": "full-screen",
      "minimum-system-version": "7.0",
      "scale": "1x"
    },
    {
      "orientation": "portrait",
      "idiom": "iphone",
      "filename": "Splash.png",
      "extent": "full-screen",
      "scale": "1x"
    },
    {
      "orientation": "portrait",
      "idiom": "iphone",
      "extent": "full-screen",
      "scale": "2x"
    },
    {
      "orientation": "portrait",
      "idiom": "iphone",
      "extent": "full-screen",
      "subtype": "retina4",
      "scale": "2x"
    },
    {
      "orientation": "portrait",
      "idiom": "ipad",
      "extent": "to-status-bar",
      "scale": "1x"
    },
    {
      "orientation": "portrait",
      "idiom": "ipad",
      "extent": "to-status-bar",
      "scale": "2x"
    },
    {
      "orientation": "portrait",
      "idiom": "ipad",
      "extent": "full-screen",
      "scale": "2x"
    }
  ],
  "info": {
    "version": 1,
    "author": "xcode"
  }
}
